176.0,375.0,294.0,202.0,338.0,394.0,380.0,314.0,163.0,224.0,292.0,405.0,350.0,389.0,378.0,430.0,333.0,339.0,288.0,242.0,277.0,308.0,347.0,317.0,302.0,395.0,212.0,194.0,355.0,266.0,303.0,451.0,434.0,336.0,300.0,268.0,221.0,253.0,295.0,359.0,305.0,373.0,392.0,434.0,396.0,375.0,290.0,304.0,253.0,226.0,403.0,227.0,380.0,446.0,442.0,389.0,310.0,432.0,537.0,512.0,477.0,441.0,534.0,563.0,178.0
203.0,323.0,216.0,187.0,200.0,205.0,184.0,177.0,252.0,309.0,166.0,172.0,273.0,321.0,190.0,453.0,299.0,217.0,223.0,241.0,383.0,278.0,316.0,340.0,430.0,316.0,196.0,206.0,258.0,199.0,224.0,283.0,309.0,324.0,277.0,238.0,175.0,224.0,204.0,261.0,314.0,222.0,248.0,351.0,275.0,277.0,260.0,249.0,209.0,241.0,251.0,225.0,352.0,406.0,403.0,272.0,305.0,271.0,327.0,479.0,480.0,315.0,404.0,503.0,182.0
301.0,455.0,304.0,331.0,297.0,241.0,224.0,371.0,432.0,235.0,329.0,306.0,324.0,318.0,260.0,334.0,358.0,283.0,272.0,275.0,309.0,311.0,377.0,400.0,290.0,463.0,220.0,224.0,358.0,284.0,321.0,393.0,539.0,378.0,280.0,303.0,263.0,229.0,254.0,346.0,362.0,399.0,459.0,410.0,408.0,330.0,303.0,308.0,347.0,346.0,419.0,267.0,359.0,409.0,347.0,292.0,470.0,366.0,449.0,520.0,516.0,384.0,522.0,582.0,267.0
514.0,486.0,443.0,509.0,499.0,516.0,508.0,472.0,499.0,509.0,512.0,546.0,521.0,501.0,496.0,552.0,532.0,536.0,530.0,520.0,502.0,526.0,537.0,541.0,533.0,519.0,537.0,543.0,486.0,543.0,546.0,547.0,535.0,444.0,519.0,519.0,529.0,508.0,512.0,546.0,534.0,512.0,533.0,544.0,567.0,532.0,522.0,510.0,513.0,535.0,499.0,547.0,530.0,485.0,513.0,519.0,536.0,536.0,518.0,515.0,555.0,539.0,484.0,535.0,452.0
411.0,495.0,403.0,434.0,443.0,464.0,299.0,458.0,476.0,386.0,482.0,450.0,486.0,470.0,427.0,406.0,515.0,499.0,409.0,393.0,444.0,494.0,495.0,530.0,497.0,493.0,428.0,439.0,500.0,471.0,501.0,511.0,517.0,476.0,517.0,458.0,488.0,430.0,512.0,495.0,521.0,509.0,533.0,501.0,507.0,506.0,521.0,447.0,495.0,487.0,463.0,486.0,510.0,488.0,505.0,508.0,494.0,518.0,523.0,516.0,523.0,515.0,484.0,526.0,287.0
497.0,451.0,466.0,524.0,549.0,550.0,458.0,537.0,470.0,520.0,499.0,499.0,545.0,562.0,494.0,502.0,544.0,568.0,516.0,555.0,542.0,539.0,522.0,574.0,572.0,503.0,489.0,569.0,493.0,523.0,540.0,573.0,556.0,564.0,552.0,492.0,565.0,538.0,557.0,502.0,555.0,567.0,548.0,562.0,579.0,512.0,532.0,529.0,555.0,495.0,503.0,571.0,552.0,511.0,554.0,550.0,512.0,535.0,580.0,529.0,557.0,545.0,516.0,536.0,461.0
178.0,237.0,205.0,255.0,283.0,197.0,551.0,331.0,468.0,378.0,397.0,353.0,226.0,221.0,210.0,440.0,337.0,529.0,451.0,383.0,388.0,307.0,439.0,301.0,326.0,241.0,424.0,491.0,523.0,311.0,334.0,440.0,401.0,477.0,404.0,447.0,432.0,332.0,461.0,259.0,429.0,448.0,425.0,345.0,379.0,399.0,391.0,343.0,411.0,298.0,496.0,365.0,359.0,467.0,389.0,362.0,285.0,309.0,501.0,412.0,428.0,441.0,526.0,406.0,288.0
182.0,208.0,167.0,144.0,142.0,220.0,156.0,152.0,152.0,227.0,176.0,165.0,203.0,267.0,192.0,210.0,246.0,241.0,180.0,258.0,281.0,263.0,290.0,186.0,203.0,205.0,260.0,187.0,208.0,246.0,241.0,298.0,337.0,252.0,237.0,203.0,234.0,169.0,175.0,158.0,203.0,265.0,224.0,278.0,228.0,202.0,227.0,183.0,176.0,172.0,179.0,259.0,276.0,275.0,183.0,181.0,218.0,257.0,250.0,263.0,226.0,217.0,216.0,305.0,217.0
162.0,157.0,161.0,154.0,149.0,185.0,147.0,150.0,158.0,169.0,141.0,143.0,221.0,155.0,194.0,225.0,158.0,165.0,156.0,160.0,305.0,145.0,278.0,154.0,182.0,163.0,149.0,158.0,149.0,165.0,163.0,211.0,194.0,164.0,175.0,158.0,151.0,147.0,150.0,152.0,150.0,157.0,196.0,173.0,170.0,157.0,151.0,148.0,150.0,150.0,156.0,166.0,196.0,193.0,154.0,154.0,159.0,170.0,169.0,199.0,159.0,161.0,159.0,184.0,207.0
191.0,165.0,181.0,177.0,179.0,175.0,232.0,152.0,145.0,191.0,155.0,152.0,153.0,184.0,176.0,192.0,193.0,152.0,189.0,157.0,222.0,180.0,161.0,146.0,163.0,188.0,156.0,183.0,188.0,177.0,170.0,150.0,305.0,152.0,268.0,165.0,158.0,152.0,160.0,154.0,173.0,232.0,266.0,238.0,290.0,168.0,162.0,171.0,160.0,162.0,164.0,207.0,328.0,322.0,196.0,171.0,175.0,189.0,184.0,395.0,205.0,221.0,174.0,301.0,292.0
197.0,225.0,169.0,175.0,230.0,256.0,246.0,180.0,238.0,209.0,229.0,204.0,202.0,264.0,312.0,356.0,282.0,301.0,286.0,367.0,364.0,230.0,180.0,285.0,276.0,300.0,269.0,188.0,280.0,270.0,268.0,185.0,226.0,229.0,181.0,215.0,229.0,248.0,249.0,214.0,236.0,152.0,206.0,195.0,193.0,174.0,204.0,212.0,192.0,235.0,169.0,160.0,197.0,180.0,205.0,238.0,259.0,260.0,222.0,194.0,216.0,224.0,180.0,149.0,320.0
451.0,420.0,411.0,338.0,473.0,524.0,489.0,406.0,226.0,249.0,426.0,366.0,368.0,371.0,505.0,477.0,497.0,360.0,199.0,322.0,321.0,313.0,409.0,344.0,479.0,466.0,327.0,232.0,238.0,378.0,287.0,407.0,388.0,372.0,248.0,330.0,190.0,235.0,213.0,227.0,262.0,346.0,503.0,349.0,342.0,238.0,176.0,191.0,226.0,233.0,238.0,253.0,341.0,342.0,319.0,279.0,324.0,343.0,338.0,268.0,372.0,362.0,268.0,271.0,491.0
466.0,452.0,432.0,400.0,548.0,291.0,445.0,359.0,248.0,219.0,334.0,356.0,366.0,346.0,406.0,391.0,350.0,358.0,163.0,340.0,338.0,405.0,391.0,276.0,422.0,299.0,240.0,224.0,233.0,316.0,298.0,399.0,333.0,413.0,246.0,248.0,182.0,208.0,211.0,377.0,230.0,410.0,459.0,401.0,407.0,246.0,185.0,212.0,264.0,184.0,185.0,269.0,403.0,406.0,290.0,393.0,257.0,264.0,320.0,469.0,402.0,399.0,287.0,350.0,483.0
293.0,264.0,306.0,278.0,363.0,227.0,264.0,229.0,293.0,279.0,257.0,308.0,286.0,264.0,235.0,284.0,350.0,265.0,311.0,206.0,286.0,215.0,191.0,315.0,282.0,310.0,329.0,259.0,245.0,267.0,305.0,220.0,275.0,325.0,306.0,291.0,205.0,193.0,280.0,271.0,303.0,162.0,182.0,356.0,358.0,264.0,265.0,249.0,216.0,202.0,255.0,244.0,457.0,314.0,439.0,195.0,353.0,390.0,391.0,461.0,438.0,448.0,301.0,467.0,189.0
242.0,321.0,316.0,318.0,334.0,303.0,310.0,290.0,313.0,261.0,250.0,282.0,219.0,217.0,286.0,281.0,348.0,237.0,247.0,301.0,311.0,255.0,243.0,356.0,256.0,335.0,329.0,231.0,330.0,272.0,353.0,460.0,425.0,370.0,345.0,318.0,254.0,170.0,315.0,332.0,335.0,392.0,306.0,351.0,408.0,286.0,201.0,187.0,173.0,235.0,376.0,302.0,410.0,365.0,386.0,335.0,369.0,451.0,442.0,561.0,475.0,453.0,430.0,533.0,247.0
440.0,268.0,298.0,420.0,323.0,333.0,416.0,376.0,306.0,307.0,288.0,358.0,231.0,231.0,331.0,434.0,459.0,315.0,222.0,268.0,392.0,276.0,318.0,427.0,332.0,433.0,325.0,269.0,350.0,228.0,422.0,510.0,376.0,447.0,373.0,302.0,288.0,192.0,253.0,353.0,296.0,346.0,553.0,308.0,361.0,257.0,195.0,198.0,165.0,230.0,275.0,272.0,357.0,359.0,384.0,359.0,447.0,395.0,397.0,587.0,371.0,451.0,371.0,587.0,434.0
345.0,344.0,301.0,295.0,284.0,172.0,308.0,266.0,448.0,365.0,309.0,288.0,206.0,208.0,175.0,224.0,306.0,354.0,188.0,321.0,260.0,229.0,246.0,243.0,358.0,253.0,314.0,308.0,278.0,267.0,246.0,439.0,223.0,390.0,280.0,185.0,333.0,213.0,306.0,275.0,350.0,289.0,477.0,367.0,208.0,364.0,217.0,313.0,202.0,269.0,211.0,428.0,419.0,353.0,428.0,482.0,397.0,431.0,428.0,579.0,442.0,333.0,451.0,526.0,341.0
296.0,363.0,357.0,356.0,348.0,157.0,218.0,206.0,489.0,314.0,369.0,306.0,218.0,216.0,157.0,183.0,243.0,260.0,245.0,261.0,241.0,212.0,241.0,154.0,177.0,242.0,231.0,340.0,338.0,172.0,235.0,236.0,387.0,327.0,272.0,223.0,295.0,274.0,193.0,260.0,187.0,303.0,381.0,279.0,335.0,300.0,278.0,270.0,193.0,217.0,361.0,425.0,431.0,423.0,410.0,286.0,266.0,447.0,442.0,586.0,360.0,294.0,354.0,518.0,257.0
148.0,197.0,210.0,173.0,305.0,273.0,241.0,233.0,378.0,328.0,290.0,349.0,278.0,277.0,280.0,259.0,311.0,275.0,290.0,263.0,341.0,278.0,307.0,344.0,320.0,301.0,217.0,321.0,302.0,267.0,321.0,398.0,352.0,351.0,331.0,278.0,222.0,185.0,254.0,271.0,273.0,321.0,292.0,252.0,318.0,298.0,216.0,199.0,179.0,283.0,323.0,272.0,346.0,335.0,334.0,348.0,386.0,359.0,352.0,532.0,399.0,384.0,420.0,560.0,219.0
269.0,276.0,250.0,236.0,258.0,227.0,248.0,241.0,263.0,358.0,291.0,241.0,276.0,246.0,241.0,205.0,275.0,272.0,320.0,248.0,256.0,273.0,239.0,301.0,257.0,247.0,196.0,270.0,279.0,277.0,240.0,187.0,347.0,231.0,252.0,243.0,263.0,257.0,223.0,258.0,255.0,303.0,308.0,321.0,212.0,214.0,262.0,285.0,276.0,311.0,248.0,295.0,330.0,306.0,346.0,334.0,243.0,325.0,285.0,375.0,305.0,315.0,244.0,417.0,282.0
506.0,478.0,261.0,523.0,256.0,224.0,206.0,212.0,264.0,267.0,381.0,350.0,478.0,557.0,372.0,198.0,370.0,214.0,324.0,389.0,499.0,460.0,449.0,364.0,436.0,414.0,235.0,231.0,421.0,438.0,450.0,357.0,544.0,513.0,373.0,404.0,237.0,282.0,377.0,229.0,381.0,492.0,329.0,422.0,328.0,372.0,307.0,375.0,297.0,416.0,416.0,388.0,433.0,467.0,474.0,389.0,375.0,487.0,356.0,567.0,444.0,394.0,370.0,393.0,413.0
389.0,493.0,285.0,300.0,283.0,180.0,171.0,180.0,392.0,285.0,536.0,429.0,369.0,273.0,396.0,206.0,204.0,173.0,352.0,291.0,312.0,344.0,269.0,391.0,294.0,451.0,315.0,322.0,348.0,346.0,254.0,259.0,569.0,476.0,301.0,293.0,435.0,272.0,345.0,178.0,378.0,361.0,282.0,396.0,391.0,454.0,492.0,251.0,327.0,424.0,333.0,423.0,368.0,391.0,436.0,417.0,437.0,380.0,333.0,534.0,495.0,390.0,276.0,443.0,458.0
432.0,468.0,349.0,434.0,366.0,235.0,234.0,219.0,380.0,429.0,322.0,475.0,538.0,373.0,459.0,384.0,352.0,234.0,432.0,496.0,476.0,506.0,369.0,297.0,338.0,371.0,499.0,488.0,504.0,508.0,438.0,317.0,488.0,388.0,375.0,338.0,468.0,343.0,393.0,441.0,411.0,460.0,340.0,422.0,400.0,379.0,406.0,451.0,290.0,464.0,408.0,441.0,425.0,453.0,513.0,424.0,363.0,426.0,353.0,449.0,395.0,344.0,327.0,439.0,358.0
559.0,531.0,334.0,500.0,327.0,495.0,484.0,430.0,239.0,255.0,424.0,423.0,524.0,538.0,370.0,283.0,434.0,466.0,277.0,460.0,542.0,498.0,244.0,351.0,368.0,317.0,328.0,318.0,555.0,518.0,474.0,336.0,564.0,246.0,290.0,334.0,363.0,385.0,435.0,352.0,408.0,389.0,332.0,400.0,301.0,311.0,298.0,374.0,341.0,559.0,515.0,551.0,395.0,398.0,423.0,438.0,440.0,454.0,368.0,440.0,417.0,387.0,326.0,413.0,454.0
374.0,315.0,292.0,384.0,336.0,503.0,442.0,521.0,525.0,331.0,368.0,423.0,481.0,415.0,501.0,508.0,490.0,407.0,375.0,405.0,367.0,504.0,445.0,528.0,529.0,368.0,445.0,428.0,314.0,396.0,521.0,467.0,367.0,477.0,554.0,476.0,439.0,293.0,429.0,377.0,495.0,480.0,369.0,502.0,528.0,493.0,471.0,431.0,434.0,490.0,517.0,510.0,511.0,515.0,514.0,488.0,491.0,503.0,490.0,509.0,517.0,498.0,469.0,523.0,266.0
329.0,260.0,293.0,223.0,324.0,420.0,448.0,558.0,391.0,248.0,260.0,279.0,341.0,328.0,565.0,388.0,418.0,348.0,233.0,344.0,310.0,382.0,373.0,455.0,504.0,445.0,331.0,200.0,322.0,314.0,339.0,348.0,395.0,400.0,450.0,384.0,248.0,167.0,280.0,276.0,356.0,368.0,403.0,354.0,427.0,411.0,259.0,207.0,238.0,398.0,372.0,391.0,432.0,440.0,449.0,401.0,387.0,410.0,412.0,475.0,458.0,464.0,333.0,494.0,299.0
294.0,225.0,203.0,242.0,154.0,418.0,478.0,554.0,417.0,305.0,305.0,308.0,168.0,291.0,429.0,362.0,407.0,355.0,258.0,355.0,231.0,236.0,326.0,499.0,488.0,305.0,228.0,255.0,306.0,313.0,355.0,340.0,223.0,402.0,327.0,283.0,295.0,211.0,308.0,293.0,303.0,264.0,199.0,350.0,336.0,324.0,400.0,365.0,265.0,344.0,281.0,292.0,447.0,446.0,449.0,404.0,360.0,379.0,348.0,475.0,456.0,435.0,356.0,516.0,371.0
314.0,303.0,222.0,356.0,257.0,333.0,401.0,475.0,467.0,218.0,237.0,281.0,296.0,349.0,509.0,459.0,385.0,371.0,241.0,337.0,250.0,397.0,386.0,478.0,379.0,270.0,298.0,264.0,379.0,281.0,267.0,323.0,361.0,379.0,456.0,448.0,381.0,230.0,379.0,377.0,282.0,343.0,450.0,367.0,454.0,413.0,304.0,324.0,286.0,362.0,400.0,403.0,452.0,459.0,475.0,408.0,429.0,350.0,358.0,488.0,483.0,477.0,420.0,494.0,408.0
220.0,250.0,280.0,320.0,339.0,296.0,301.0,500.0,384.0,283.0,339.0,372.0,335.0,280.0,335.0,419.0,162.0,342.0,252.0,319.0,295.0,488.0,318.0,353.0,298.0,305.0,318.0,296.0,269.0,357.0,406.0,273.0,229.0,271.0,224.0,389.0,242.0,228.0,270.0,257.0,277.0,398.0,171.0,338.0,381.0,365.0,262.0,246.0,267.0,385.0,389.0,427.0,492.0,494.0,494.0,435.0,335.0,411.0,377.0,538.0,514.0,486.0,322.0,519.0,249.0
383.0,430.0,408.0,277.0,355.0,392.0,357.0,334.0,461.0,387.0,378.0,213.0,362.0,322.0,504.0,312.0,376.0,356.0,353.0,341.0,414.0,306.0,376.0,304.0,532.0,378.0,349.0,250.0,270.0,422.0,428.0,401.0,511.0,491.0,549.0,367.0,308.0,254.0,273.0,342.0,447.0,476.0,198.0,423.0,472.0,320.0,237.0,281.0,344.0,393.0,370.0,497.0,456.0,456.0,340.0,318.0,298.0,362.0,368.0,342.0,357.0,346.0,339.0,368.0,482.0
517.0,385.0,290.0,319.0,382.0,477.0,351.0,352.0,439.0,398.0,305.0,280.0,188.0,178.0,521.0,447.0,439.0,308.0,281.0,323.0,461.0,503.0,515.0,492.0,395.0,277.0,268.0,249.0,299.0,468.0,464.0,489.0,383.0,377.0,362.0,271.0,273.0,274.0,282.0,283.0,309.0,491.0,156.0,321.0,353.0,266.0,220.0,277.0,266.0,266.0,369.0,388.0,315.0,308.0,335.0,269.0,251.0,257.0,251.0,370.0,358.0,377.0,364.0,355.0,479.0
447.0,369.0,411.0,245.0,267.0,327.0,185.0,170.0,299.0,379.0,223.0,149.0,234.0,308.0,436.0,355.0,257.0,346.0,225.0,284.0,436.0,267.0,310.0,254.0,427.0,408.0,272.0,248.0,202.0,345.0,324.0,324.0,198.0,306.0,252.0,202.0,218.0,187.0,312.0,216.0,304.0,431.0,221.0,311.0,304.0,255.0,195.0,269.0,230.0,316.0,261.0,250.0,293.0,302.0,302.0,287.0,272.0,288.0,277.0,407.0,287.0,187.0,227.0,301.0,471.0
397.0,350.0,380.0,215.0,281.0,577.0,250.0,258.0,289.0,266.0,210.0,199.0,193.0,188.0,587.0,412.0,537.0,346.0,223.0,428.0,218.0,458.0,403.0,578.0,521.0,579.0,485.0,319.0,219.0,271.0,492.0,422.0,387.0,360.0,545.0,397.0,346.0,254.0,255.0,450.0,386.0,428.0,168.0,378.0,405.0,316.0,229.0,217.0,211.0,267.0,268.0,364.0,353.0,351.0,223.0,315.0,192.0,219.0,219.0,224.0,221.0,346.0,237.0,234.0,296.0
471.0,270.0,236.0,206.0,205.0,267.0,174.0,188.0,268.0,245.0,193.0,198.0,156.0,158.0,315.0,219.0,216.0,237.0,234.0,290.0,161.0,252.0,321.0,416.0,180.0,191.0,205.0,259.0,155.0,155.0,190.0,240.0,334.0,191.0,287.0,231.0,206.0,193.0,169.0,253.0,215.0,256.0,143.0,283.0,240.0,218.0,221.0,200.0,182.0,184.0,170.0,246.0,279.0,278.0,186.0,222.0,212.0,213.0,211.0,348.0,215.0,295.0,265.0,300.0,483.0
393.0,322.0,343.0,402.0,380.0,342.0,353.0,342.0,314.0,404.0,409.0,288.0,280.0,283.0,405.0,404.0,293.0,293.0,280.0,299.0,414.0,288.0,321.0,419.0,377.0,457.0,202.0,356.0,275.0,344.0,355.0,471.0,378.0,280.0,337.0,234.0,299.0,312.0,287.0,364.0,326.0,322.0,390.0,424.0,391.0,370.0,351.0,280.0,273.0,354.0,309.0,285.0,410.0,400.0,290.0,304.0,311.0,345.0,317.0,518.0,308.0,356.0,294.0,280.0,454.0
248.0,246.0,259.0,237.0,306.0,220.0,281.0,294.0,152.0,276.0,387.0,231.0,314.0,207.0,250.0,161.0,183.0,189.0,339.0,266.0,324.0,237.0,234.0,332.0,296.0,346.0,197.0,372.0,297.0,232.0,235.0,240.0,316.0,294.0,370.0,235.0,267.0,250.0,228.0,287.0,263.0,263.0,181.0,338.0,397.0,377.0,266.0,240.0,316.0,284.0,212.0,213.0,426.0,388.0,267.0,344.0,304.0,255.0,202.0,520.0,273.0,389.0,345.0,367.0,229.0
317.0,357.0,242.0,269.0,237.0,233.0,241.0,177.0,325.0,332.0,263.0,165.0,246.0,221.0,273.0,156.0,224.0,173.0,246.0,265.0,260.0,321.0,257.0,202.0,212.0,234.0,249.0,234.0,177.0,202.0,171.0,327.0,175.0,201.0,290.0,252.0,258.0,187.0,232.0,212.0,187.0,340.0,176.0,423.0,340.0,337.0,395.0,285.0,283.0,232.0,235.0,377.0,331.0,328.0,318.0,354.0,245.0,325.0,270.0,429.0,341.0,195.0,474.0,427.0,330.0
403.0,417.0,413.0,366.0,391.0,486.0,464.0,350.0,390.0,370.0,490.0,342.0,421.0,433.0,462.0,407.0,434.0,350.0,367.0,385.0,487.0,481.0,376.0,400.0,536.0,501.0,343.0,422.0,409.0,515.0,487.0,446.0,411.0,392.0,545.0,396.0,310.0,330.0,320.0,441.0,508.0,465.0,451.0,520.0,539.0,548.0,364.0,375.0,328.0,407.0,427.0,349.0,535.0,536.0,423.0,297.0,243.0,420.0,378.0,481.0,420.0,302.0,412.0,435.0,448.0
364.0,206.0,215.0,342.0,348.0,460.0,399.0,283.0,442.0,412.0,415.0,213.0,272.0,293.0,488.0,287.0,248.0,251.0,304.0,325.0,318.0,298.0,289.0,457.0,453.0,402.0,238.0,418.0,329.0,380.0,355.0,451.0,373.0,380.0,376.0,319.0,248.0,338.0,244.0,400.0,333.0,346.0,359.0,437.0,449.0,415.0,219.0,322.0,376.0,342.0,213.0,315.0,402.0,383.0,310.0,297.0,316.0,337.0,308.0,492.0,323.0,388.0,374.0,324.0,478.0
524.0,353.0,423.0,449.0,418.0,416.0,505.0,410.0,267.0,263.0,280.0,336.0,304.0,320.0,467.0,433.0,256.0,277.0,225.0,225.0,319.0,471.0,319.0,528.0,390.0,373.0,288.0,467.0,385.0,418.0,429.0,487.0,458.0,266.0,428.0,265.0,253.0,290.0,279.0,464.0,340.0,484.0,263.0,400.0,434.0,424.0,319.0,365.0,394.0,324.0,208.0,334.0,324.0,314.0,305.0,311.0,185.0,406.0,321.0,513.0,309.0,358.0,278.0,283.0,464.0
335.0,262.0,273.0,229.0,184.0,336.0,453.0,279.0,302.0,298.0,352.0,210.0,199.0,220.0,189.0,213.0,271.0,286.0,191.0,274.0,215.0,204.0,262.0,443.0,248.0,203.0,230.0,171.0,228.0,279.0,175.0,338.0,186.0,333.0,260.0,228.0,234.0,184.0,171.0,173.0,240.0,207.0,227.0,331.0,250.0,242.0,168.0,186.0,207.0,169.0,249.0,206.0,260.0,243.0,230.0,248.0,249.0,283.0,265.0,398.0,393.0,348.0,176.0,353.0,393.0
280.0,290.0,232.0,233.0,240.0,280.0,363.0,197.0,337.0,304.0,292.0,208.0,246.0,249.0,260.0,290.0,206.0,368.0,289.0,271.0,197.0,297.0,348.0,490.0,343.0,243.0,331.0,284.0,322.0,365.0,205.0,384.0,291.0,306.0,268.0,258.0,281.0,281.0,301.0,291.0,242.0,274.0,237.0,208.0,265.0,249.0,308.0,311.0,321.0,287.0,307.0,306.0,179.0,181.0,288.0,322.0,360.0,335.0,348.0,399.0,403.0,318.0,356.0,417.0,334.0
320.0,249.0,262.0,390.0,341.0,275.0,455.0,330.0,319.0,405.0,282.0,226.0,224.0,222.0,356.0,337.0,280.0,330.0,252.0,310.0,215.0,265.0,290.0,480.0,350.0,250.0,307.0,304.0,352.0,385.0,259.0,367.0,329.0,399.0,252.0,205.0,299.0,308.0,261.0,355.0,200.0,330.0,245.0,346.0,318.0,313.0,267.0,310.0,342.0,240.0,204.0,236.0,296.0,289.0,287.0,367.0,426.0,364.0,368.0,462.0,460.0,394.0,384.0,463.0,351.0
265.0,326.0,226.0,186.0,174.0,255.0,307.0,305.0,241.0,244.0,237.0,207.0,208.0,218.0,162.0,198.0,262.0,258.0,157.0,228.0,205.0,376.0,216.0,316.0,233.0,212.0,239.0,205.0,292.0,294.0,196.0,245.0,266.0,257.0,222.0,187.0,246.0,184.0,169.0,242.0,230.0,198.0,264.0,234.0,188.0,193.0,183.0,186.0,201.0,207.0,197.0,222.0,256.0,248.0,255.0,221.0,252.0,279.0,264.0,500.0,494.0,285.0,213.0,473.0,297.0
202.0,215.0,202.0,162.0,183.0,219.0,222.0,203.0,222.0,213.0,206.0,164.0,164.0,164.0,155.0,157.0,186.0,268.0,179.0,194.0,164.0,381.0,162.0,288.0,184.0,161.0,283.0,155.0,158.0,205.0,150.0,211.0,204.0,167.0,190.0,183.0,152.0,175.0,161.0,178.0,149.0,154.0,192.0,208.0,172.0,167.0,167.0,178.0,170.0,228.0,200.0,196.0,219.0,234.0,180.0,230.0,250.0,190.0,187.0,221.0,234.0,189.0,181.0,198.0,292.0
175.0,178.0,156.0,143.0,153.0,246.0,220.0,225.0,151.0,323.0,177.0,172.0,256.0,257.0,142.0,148.0,150.0,148.0,152.0,164.0,169.0,173.0,185.0,146.0,143.0,144.0,145.0,141.0,157.0,150.0,179.0,144.0,161.0,143.0,241.0,221.0,150.0,149.0,175.0,188.0,185.0,149.0,180.0,164.0,164.0,162.0,182.0,157.0,152.0,157.0,156.0,148.0,165.0,167.0,164.0,160.0,160.0,162.0,153.0,159.0,158.0,159.0,160.0,158.0,192.0
270.0,158.0,200.0,218.0,213.0,290.0,286.0,285.0,174.0,533.0,336.0,315.0,412.0,417.0,328.0,303.0,270.0,276.0,272.0,359.0,365.0,370.0,429.0,263.0,276.0,305.0,406.0,204.0,359.0,365.0,348.0,324.0,459.0,300.0,372.0,273.0,195.0,206.0,337.0,335.0,321.0,359.0,441.0,356.0,368.0,370.0,286.0,312.0,293.0,357.0,377.0,367.0,359.0,353.0,356.0,361.0,375.0,376.0,374.0,366.0,366.0,371.0,380.0,364.0,182.0
178.0,190.0,145.0,148.0,148.0,233.0,215.0,222.0,145.0,294.0,218.0,218.0,220.0,221.0,142.0,169.0,140.0,138.0,138.0,140.0,143.0,158.0,156.0,137.0,140.0,141.0,173.0,138.0,159.0,142.0,164.0,140.0,320.0,139.0,248.0,182.0,154.0,147.0,161.0,309.0,308.0,233.0,248.0,172.0,176.0,175.0,198.0,191.0,193.0,194.0,170.0,166.0,175.0,167.0,172.0,208.0,197.0,198.0,195.0,206.0,206.0,205.0,202.0,204.0,147.0
204.0,169.0,147.0,156.0,152.0,265.0,261.0,265.0,187.0,315.0,159.0,159.0,200.0,204.0,176.0,178.0,183.0,189.0,167.0,191.0,197.0,180.0,155.0,164.0,159.0,161.0,153.0,158.0,150.0,150.0,149.0,151.0,218.0,161.0,235.0,223.0,149.0,160.0,264.0,213.0,223.0,170.0,207.0,156.0,153.0,155.0,170.0,166.0,170.0,186.0,178.0,174.0,160.0,158.0,161.0,178.0,191.0,194.0,186.0,186.0,184.0,184.0,191.0,192.0,203.0
216.0,197.0,220.0,223.0,255.0,282.0,323.0,343.0,283.0,535.0,291.0,280.0,373.0,370.0,343.0,330.0,286.0,309.0,279.0,304.0,301.0,321.0,411.0,262.0,258.0,248.0,337.0,252.0,357.0,387.0,344.0,293.0,280.0,341.0,335.0,310.0,250.0,300.0,276.0,306.0,307.0,314.0,390.0,317.0,324.0,314.0,343.0,392.0,328.0,338.0,313.0,300.0,307.0,298.0,301.0,345.0,357.0,350.0,344.0,357.0,359.0,354.0,355.0,367.0,253.0
219.0,223.0,146.0,201.0,143.0,269.0,205.0,216.0,162.0,170.0,188.0,240.0,190.0,213.0,286.0,293.0,231.0,169.0,180.0,154.0,167.0,232.0,145.0,182.0,163.0,147.0,143.0,149.0,161.0,190.0,189.0,148.0,302.0,228.0,277.0,148.0,145.0,181.0,167.0,186.0,228.0,145.0,200.0,322.0,151.0,161.0,155.0,147.0,158.0,156.0,156.0,199.0,312.0,312.0,154.0,153.0,217.0,166.0,167.0,337.0,183.0,206.0,186.0,451.0,289.0
317.0,359.0,296.0,341.0,289.0,345.0,345.0,350.0,243.0,277.0,306.0,284.0,238.0,329.0,313.0,268.0,272.0,265.0,336.0,276.0,276.0,246.0,285.0,278.0,192.0,287.0,275.0,349.0,308.0,270.0,327.0,371.0,288.0,204.0,207.0,294.0,304.0,293.0,245.0,331.0,407.0,305.0,364.0,310.0,303.0,224.0,283.0,312.0,325.0,334.0,260.0,252.0,306.0,310.0,348.0,363.0,301.0,318.0,313.0,491.0,375.0,382.0,294.0,394.0,210.0
285.0,263.0,245.0,323.0,240.0,256.0,261.0,259.0,292.0,260.0,287.0,279.0,239.0,273.0,254.0,283.0,244.0,321.0,306.0,218.0,280.0,234.0,232.0,265.0,187.0,284.0,286.0,332.0,315.0,266.0,276.0,210.0,228.0,245.0,189.0,353.0,236.0,219.0,284.0,249.0,214.0,226.0,389.0,249.0,310.0,254.0,312.0,299.0,323.0,354.0,275.0,219.0,243.0,243.0,319.0,346.0,235.0,300.0,291.0,435.0,312.0,330.0,299.0,300.0,197.0
274.0,315.0,364.0,323.0,364.0,269.0,239.0,233.0,244.0,196.0,368.0,307.0,317.0,303.0,279.0,311.0,213.0,244.0,292.0,291.0,342.0,365.0,237.0,287.0,290.0,293.0,335.0,326.0,377.0,232.0,381.0,337.0,324.0,271.0,255.0,288.0,331.0,256.0,232.0,305.0,334.0,300.0,442.0,313.0,417.0,274.0,241.0,305.0,306.0,334.0,216.0,249.0,313.0,306.0,304.0,304.0,216.0,324.0,321.0,470.0,379.0,321.0,294.0,358.0,172.0
314.0,315.0,313.0,327.0,312.0,286.0,348.0,330.0,206.0,269.0,336.0,327.0,303.0,290.0,276.0,295.0,269.0,289.0,294.0,301.0,357.0,394.0,335.0,307.0,213.0,338.0,387.0,307.0,388.0,294.0,373.0,284.0,333.0,275.0,207.0,421.0,453.0,282.0,324.0,333.0,424.0,357.0,478.0,361.0,366.0,284.0,271.0,285.0,285.0,370.0,285.0,281.0,379.0,359.0,281.0,333.0,321.0,314.0,320.0,495.0,308.0,333.0,309.0,327.0,261.0
328.0,575.0,291.0,311.0,281.0,327.0,313.0,246.0,282.0,186.0,323.0,294.0,324.0,313.0,317.0,372.0,263.0,249.0,268.0,323.0,313.0,429.0,333.0,316.0,382.0,224.0,329.0,325.0,311.0,334.0,353.0,394.0,452.0,355.0,179.0,252.0,281.0,299.0,355.0,171.0,310.0,344.0,351.0,319.0,232.0,242.0,272.0,306.0,330.0,210.0,216.0,293.0,393.0,383.0,241.0,234.0,276.0,291.0,304.0,469.0,252.0,279.0,386.0,393.0,448.0
164.0,553.0,349.0,409.0,338.0,500.0,378.0,348.0,235.0,330.0,384.0,354.0,432.0,469.0,504.0,448.0,264.0,327.0,330.0,513.0,503.0,573.0,582.0,325.0,454.0,318.0,283.0,283.0,515.0,559.0,481.0,579.0,384.0,282.0,342.0,422.0,275.0,375.0,394.0,397.0,468.0,328.0,367.0,266.0,396.0,392.0,221.0,275.0,283.0,471.0,491.0,505.0,348.0,336.0,271.0,226.0,372.0,407.0,380.0,531.0,429.0,452.0,430.0,559.0,358.0
370.0,557.0,374.0,373.0,362.0,345.0,303.0,306.0,271.0,242.0,285.0,349.0,343.0,380.0,290.0,246.0,170.0,185.0,293.0,281.0,320.0,411.0,314.0,328.0,201.0,239.0,259.0,266.0,353.0,254.0,211.0,358.0,479.0,295.0,189.0,367.0,333.0,263.0,297.0,246.0,255.0,338.0,386.0,243.0,224.0,222.0,223.0,236.0,251.0,281.0,287.0,339.0,421.0,430.0,189.0,215.0,343.0,347.0,297.0,551.0,375.0,385.0,467.0,548.0,452.0
415.0,563.0,359.0,362.0,355.0,257.0,293.0,248.0,253.0,275.0,321.0,254.0,345.0,359.0,356.0,346.0,175.0,257.0,254.0,320.0,301.0,349.0,369.0,392.0,327.0,292.0,189.0,332.0,438.0,384.0,241.0,525.0,494.0,328.0,215.0,301.0,294.0,231.0,326.0,241.0,228.0,327.0,451.0,223.0,234.0,240.0,176.0,203.0,298.0,216.0,215.0,421.0,392.0,394.0,196.0,217.0,330.0,355.0,346.0,459.0,305.0,395.0,407.0,545.0,461.0
355.0,577.0,357.0,357.0,367.0,334.0,357.0,186.0,208.0,201.0,227.0,230.0,402.0,398.0,389.0,540.0,225.0,287.0,301.0,259.0,318.0,348.0,329.0,446.0,459.0,366.0,356.0,511.0,390.0,373.0,266.0,402.0,463.0,381.0,271.0,330.0,304.0,338.0,298.0,231.0,277.0,356.0,379.0,337.0,232.0,234.0,277.0,326.0,265.0,366.0,358.0,324.0,405.0,401.0,338.0,331.0,347.0,370.0,356.0,512.0,347.0,405.0,478.0,552.0,474.0
280.0,198.0,207.0,204.0,194.0,402.0,401.0,287.0,227.0,260.0,228.0,249.0,261.0,387.0,234.0,324.0,397.0,230.0,286.0,228.0,289.0,399.0,422.0,326.0,288.0,320.0,393.0,167.0,236.0,229.0,221.0,360.0,350.0,227.0,225.0,248.0,233.0,200.0,246.0,310.0,293.0,422.0,354.0,247.0,235.0,247.0,255.0,231.0,264.0,321.0,307.0,281.0,295.0,281.0,327.0,441.0,285.0,327.0,326.0,503.0,461.0,427.0,446.0,517.0,412.0
457.0,278.0,286.0,279.0,264.0,367.0,375.0,433.0,362.0,383.0,327.0,363.0,364.0,459.0,410.0,346.0,350.0,373.0,375.0,342.0,340.0,443.0,474.0,412.0,310.0,352.0,370.0,179.0,244.0,461.0,455.0,493.0,494.0,402.0,366.0,335.0,234.0,185.0,247.0,334.0,376.0,477.0,484.0,370.0,339.0,374.0,211.0,217.0,261.0,403.0,401.0,391.0,470.0,462.0,495.0,360.0,378.0,464.0,456.0,584.0,549.0,506.0,539.0,573.0,413.0
566.0,478.0,420.0,431.0,373.0,494.0,497.0,546.0,517.0,362.0,456.0,511.0,289.0,488.0,538.0,458.0,475.0,218.0,308.0,325.0,320.0,407.0,501.0,512.0,475.0,458.0,385.0,197.0,344.0,364.0,476.0,547.0,473.0,481.0,465.0,443.0,211.0,232.0,246.0,293.0,390.0,386.0,477.0,420.0,378.0,420.0,216.0,347.0,221.0,444.0,466.0,418.0,568.0,572.0,564.0,495.0,501.0,487.0,493.0,601.0,589.0,559.0,560.0,590.0,294.0
508.0,303.0,264.0,321.0,338.0,411.0,419.0,489.0,438.0,356.0,373.0,364.0,402.0,549.0,370.0,305.0,270.0,308.0,355.0,293.0,394.0,457.0,487.0,356.0,350.0,367.0,357.0,147.0,311.0,398.0,433.0,491.0,334.0,378.0,347.0,349.0,164.0,173.0,191.0,425.0,295.0,470.0,443.0,364.0,340.0,345.0,243.0,272.0,228.0,433.0,441.0,400.0,494.0,495.0,495.0,511.0,371.0,407.0,423.0,588.0,550.0,518.0,497.0,575.0,433.0
311.0,193.0,200.0,213.0,199.0,421.0,410.0,329.0,321.0,257.0,272.0,283.0,292.0,485.0,267.0,409.0,300.0,227.0,275.0,246.0,317.0,415.0,398.0,300.0,321.0,340.0,229.0,179.0,386.0,330.0,404.0,445.0,321.0,302.0,230.0,218.0,232.0,199.0,207.0,380.0,207.0,389.0,263.0,270.0,255.0,271.0,289.0,190.0,330.0,305.0,299.0,243.0,348.0,341.0,350.0,354.0,318.0,306.0,303.0,504.0,417.0,414.0,408.0,518.0,372.0
552.0,578.0,544.0,589.0,551.0,644.0,638.0,643.0,643.0,476.0,607.0,635.0,645.0,637.0,644.0,628.0,641.0,638.0,525.0,578.0,642.0,632.0,634.0,627.0,645.0,632.0,636.0,625.0,626.0,635.0,627.0,634.0,637.0,648.0,629.0,633.0,626.0,414.0,496.0,624.0,631.0,634.0,599.0,641.0,616.0,624.0,552.0,593.0,464.0,583.0,628.0,611.0,590.0,613.0,593.0,548.0,630.0,638.0,637.0,507.0,473.0,542.0,535.0,528.0,564.0
171.0,378.0,260.0,173.0,270.0,201.0,402.0,189.0,191.0,203.0,288.0,236.0,208.0,176.0,274.0,392.0,325.0,281.0,237.0,289.0,296.0,251.0,252.0,361.0,455.0,402.0,313.0,334.0,261.0,378.0,381.0,250.0,312.0,471.0,412.0,389.0,359.0,287.0,239.0,328.0,322.0,260.0,203.0,291.0,300.0,319.0,259.0,342.0,243.0,255.0,221.0,214.0,258.0,287.0,346.0,289.0,251.0,223.0,216.0,281.0,234.0,232.0,245.0,308.0,203.0
262.0,494.0,333.0,282.0,327.0,556.0,479.0,426.0,361.0,394.0,494.0,454.0,525.0,444.0,582.0,511.0,619.0,515.0,389.0,415.0,540.0,579.0,475.0,513.0,622.0,606.0,524.0,517.0,486.0,512.0,598.0,471.0,586.0,608.0,603.0,615.0,454.0,330.0,359.0,427.0,589.0,468.0,348.0,582.0,480.0,499.0,451.0,471.0,259.0,516.0,515.0,452.0,462.0,469.0,391.0,494.0,388.0,354.0,343.0,424.0,370.0,379.0,392.0,394.0,222.0
313.0,423.0,283.0,310.0,293.0,280.0,177.0,429.0,404.0,341.0,333.0,240.0,322.0,326.0,190.0,438.0,217.0,394.0,203.0,210.0,363.0,385.0,357.0,445.0,548.0,442.0,404.0,393.0,324.0,417.0,413.0,379.0,359.0,363.0,465.0,401.0,287.0,350.0,297.0,382.0,362.0,363.0,261.0,330.0,336.0,341.0,342.0,217.0,310.0,360.0,335.0,338.0,298.0,368.0,336.0,377.0,369.0,385.0,348.0,308.0,318.0,321.0,231.0,319.0,332.0
321.0,533.0,371.0,290.0,412.0,296.0,546.0,385.0,303.0,387.0,374.0,258.0,288.0,241.0,399.0,536.0,383.0,276.0,402.0,364.0,442.0,281.0,317.0,546.0,383.0,550.0,412.0,465.0,482.0,517.0,437.0,325.0,579.0,537.0,481.0,454.0,362.0,333.0,501.0,558.0,329.0,291.0,432.0,560.0,418.0,329.0,432.0,408.0,249.0,251.0,311.0,431.0,541.0,578.0,468.0,416.0,401.0,393.0,380.0,479.0,424.0,437.0,454.0,494.0,428.0
288.0,313.0,283.0,225.0,248.0,261.0,365.0,350.0,207.0,260.0,182.0,324.0,229.0,318.0,283.0,361.0,305.0,188.0,206.0,184.0,330.0,339.0,171.0,316.0,283.0,200.0,258.0,212.0,246.0,259.0,300.0,237.0,334.0,406.0,303.0,191.0,215.0,145.0,194.0,162.0,288.0,334.0,222.0,329.0,325.0,322.0,214.0,209.0,158.0,286.0,262.0,265.0,360.0,361.0,210.0,238.0,278.0,273.0,277.0,229.0,309.0,282.0,213.0,273.0,277.0
273.0,297.0,290.0,269.0,289.0,263.0,307.0,312.0,308.0,260.0,302.0,335.0,256.0,271.0,261.0,302.0,326.0,170.0,241.0,207.0,284.0,318.0,296.0,371.0,331.0,242.0,313.0,274.0,295.0,223.0,338.0,273.0,373.0,445.0,229.0,211.0,276.0,183.0,207.0,188.0,250.0,300.0,313.0,306.0,283.0,320.0,204.0,241.0,160.0,208.0,247.0,252.0,356.0,356.0,249.0,255.0,273.0,295.0,301.0,328.0,260.0,304.0,296.0,290.0,295.0
317.0,304.0,317.0,319.0,291.0,305.0,307.0,301.0,280.0,218.0,223.0,311.0,305.0,331.0,353.0,326.0,179.0,195.0,244.0,199.0,270.0,236.0,219.0,478.0,283.0,227.0,305.0,228.0,301.0,279.0,293.0,307.0,404.0,566.0,326.0,266.0,241.0,241.0,204.0,232.0,226.0,287.0,339.0,354.0,343.0,263.0,246.0,182.0,189.0,318.0,343.0,346.0,384.0,385.0,321.0,309.0,261.0,330.0,331.0,293.0,283.0,350.0,288.0,350.0,145.0
216.0,226.0,228.0,232.0,227.0,287.0,349.0,348.0,310.0,206.0,204.0,288.0,260.0,307.0,305.0,351.0,264.0,192.0,187.0,224.0,265.0,327.0,274.0,210.0,396.0,184.0,274.0,205.0,262.0,239.0,297.0,253.0,358.0,236.0,242.0,249.0,168.0,151.0,178.0,201.0,232.0,274.0,324.0,237.0,222.0,259.0,165.0,159.0,155.0,191.0,227.0,222.0,339.0,341.0,305.0,224.0,330.0,286.0,295.0,230.0,209.0,320.0,325.0,279.0,377.0
373.0,359.0,362.0,403.0,372.0,314.0,326.0,323.0,277.0,243.0,325.0,338.0,317.0,349.0,279.0,324.0,302.0,257.0,198.0,278.0,272.0,273.0,248.0,347.0,370.0,299.0,306.0,253.0,321.0,338.0,323.0,305.0,448.0,413.0,356.0,230.0,268.0,193.0,247.0,225.0,263.0,317.0,295.0,342.0,325.0,299.0,284.0,261.0,198.0,298.0,313.0,325.0,330.0,323.0,312.0,285.0,316.0,365.0,319.0,297.0,305.0,296.0,300.0,322.0,140.0
449.0,417.0,444.0,449.0,407.0,382.0,230.0,300.0,386.0,397.0,316.0,385.0,395.0,384.0,357.0,386.0,247.0,354.0,317.0,346.0,242.0,389.0,304.0,444.0,430.0,233.0,296.0,288.0,227.0,194.0,237.0,296.0,490.0,454.0,390.0,183.0,229.0,250.0,284.0,245.0,217.0,410.0,532.0,490.0,509.0,509.0,330.0,303.0,355.0,435.0,300.0,439.0,525.0,547.0,533.0,447.0,531.0,428.0,422.0,566.0,548.0,528.0,527.0,540.0,339.0
458.0,459.0,455.0,463.0,418.0,448.0,339.0,370.0,381.0,381.0,356.0,316.0,394.0,424.0,444.0,461.0,235.0,366.0,375.0,303.0,210.0,469.0,379.0,496.0,494.0,394.0,322.0,386.0,329.0,240.0,166.0,354.0,450.0,359.0,429.0,368.0,321.0,313.0,344.0,294.0,196.0,403.0,534.0,480.0,491.0,498.0,449.0,381.0,392.0,438.0,297.0,459.0,540.0,557.0,554.0,469.0,546.0,507.0,511.0,583.0,586.0,555.0,550.0,552.0,461.0
437.0,514.0,488.0,433.0,418.0,344.0,328.0,310.0,382.0,384.0,294.0,371.0,422.0,386.0,378.0,474.0,205.0,402.0,371.0,351.0,280.0,475.0,282.0,526.0,518.0,454.0,313.0,288.0,396.0,168.0,423.0,442.0,489.0,482.0,485.0,331.0,331.0,330.0,397.0,280.0,401.0,412.0,519.0,495.0,496.0,494.0,342.0,367.0,362.0,411.0,294.0,440.0,536.0,540.0,543.0,480.0,548.0,442.0,450.0,559.0,556.0,561.0,550.0,559.0,440.0
496.0,504.0,496.0,495.0,454.0,380.0,358.0,374.0,379.0,383.0,395.0,470.0,432.0,423.0,414.0,309.0,251.0,298.0,391.0,340.0,363.0,463.0,407.0,498.0,499.0,355.0,355.0,245.0,389.0,219.0,335.0,484.0,456.0,413.0,475.0,339.0,270.0,268.0,275.0,327.0,259.0,438.0,540.0,494.0,514.0,522.0,325.0,330.0,358.0,433.0,443.0,365.0,544.0,558.0,559.0,501.0,531.0,507.0,509.0,594.0,575.0,569.0,533.0,547.0,396.0
417.0,496.0,448.0,415.0,446.0,289.0,269.0,259.0,252.0,254.0,299.0,397.0,435.0,352.0,257.0,281.0,198.0,262.0,342.0,230.0,347.0,434.0,246.0,446.0,451.0,281.0,265.0,280.0,202.0,169.0,332.0,272.0,199.0,394.0,356.0,250.0,231.0,205.0,213.0,205.0,203.0,398.0,500.0,457.0,458.0,458.0,211.0,238.0,230.0,456.0,284.0,381.0,511.0,514.0,513.0,495.0,533.0,475.0,470.0,557.0,548.0,550.0,532.0,527.0,437.0
318.0,267.0,269.0,286.0,267.0,367.0,318.0,315.0,328.0,304.0,249.0,351.0,282.0,277.0,449.0,439.0,454.0,254.0,314.0,360.0,363.0,325.0,320.0,387.0,494.0,359.0,344.0,355.0,267.0,382.0,359.0,346.0,371.0,459.0,438.0,369.0,299.0,341.0,272.0,275.0,282.0,334.0,339.0,395.0,419.0,332.0,314.0,210.0,279.0,261.0,266.0,325.0,403.0,390.0,404.0,230.0,327.0,343.0,349.0,420.0,407.0,327.0,324.0,349.0,379.0
368.0,311.0,285.0,338.0,277.0,409.0,358.0,354.0,374.0,336.0,388.0,414.0,437.0,433.0,499.0,479.0,488.0,414.0,359.0,350.0,409.0,532.0,473.0,473.0,554.0,511.0,445.0,319.0,386.0,366.0,562.0,555.0,424.0,530.0,506.0,481.0,438.0,344.0,335.0,292.0,360.0,436.0,394.0,411.0,467.0,395.0,346.0,352.0,264.0,334.0,336.0,355.0,415.0,416.0,426.0,237.0,366.0,386.0,380.0,436.0,432.0,368.0,368.0,387.0,305.0
232.0,284.0,251.0,159.0,250.0,177.0,195.0,198.0,227.0,298.0,309.0,249.0,176.0,174.0,194.0,259.0,307.0,311.0,317.0,273.0,225.0,207.0,195.0,262.0,282.0,353.0,319.0,307.0,210.0,269.0,223.0,257.0,356.0,308.0,239.0,309.0,257.0,352.0,212.0,272.0,206.0,254.0,294.0,297.0,292.0,257.0,263.0,245.0,219.0,157.0,154.0,299.0,290.0,299.0,389.0,212.0,314.0,300.0,296.0,388.0,392.0,309.0,306.0,344.0,327.0
183.0,284.0,183.0,171.0,186.0,204.0,171.0,171.0,204.0,269.0,273.0,273.0,212.0,212.0,209.0,189.0,276.0,226.0,249.0,326.0,268.0,234.0,209.0,282.0,319.0,261.0,255.0,249.0,286.0,208.0,235.0,237.0,200.0,353.0,280.0,250.0,252.0,202.0,234.0,222.0,225.0,228.0,262.0,330.0,359.0,257.0,236.0,231.0,242.0,228.0,219.0,251.0,336.0,330.0,389.0,238.0,286.0,273.0,263.0,407.0,393.0,300.0,304.0,280.0,263.0
215.0,302.0,191.0,199.0,184.0,402.0,418.0,418.0,398.0,282.0,262.0,328.0,259.0,258.0,319.0,352.0,416.0,284.0,235.0,304.0,309.0,229.0,259.0,376.0,408.0,391.0,294.0,252.0,273.0,344.0,283.0,319.0,170.0,442.0,336.0,363.0,260.0,197.0,198.0,299.0,239.0,282.0,232.0,380.0,375.0,331.0,254.0,182.0,183.0,214.0,214.0,314.0,382.0,382.0,384.0,176.0,237.0,314.0,309.0,390.0,386.0,255.0,253.0,343.0,356.0
188.0,188.0,177.0,319.0,180.0,258.0,248.0,345.0,220.0,285.0,323.0,369.0,359.0,366.0,299.0,286.0,364.0,323.0,291.0,217.0,312.0,281.0,340.0,349.0,247.0,221.0,296.0,282.0,241.0,243.0,390.0,326.0,195.0,340.0,209.0,302.0,221.0,281.0,202.0,234.0,235.0,237.0,169.0,248.0,211.0,212.0,225.0,232.0,280.0,239.0,262.0,260.0,292.0,289.0,304.0,256.0,258.0,246.0,251.0,449.0,414.0,301.0,259.0,290.0,341.0
262.0,265.0,198.0,444.0,186.0,365.0,386.0,389.0,323.0,260.0,319.0,356.0,322.0,309.0,361.0,360.0,390.0,263.0,251.0,340.0,298.0,365.0,305.0,253.0,335.0,255.0,264.0,224.0,309.0,289.0,354.0,311.0,190.0,348.0,292.0,278.0,279.0,245.0,251.0,267.0,250.0,390.0,193.0,429.0,242.0,242.0,211.0,246.0,239.0,265.0,275.0,348.0,322.0,328.0,317.0,323.0,258.0,273.0,268.0,451.0,447.0,333.0,259.0,292.0,272.0
175.0,174.0,173.0,291.0,172.0,213.0,239.0,304.0,311.0,283.0,392.0,266.0,258.0,254.0,203.0,302.0,296.0,272.0,240.0,199.0,292.0,336.0,297.0,317.0,239.0,253.0,239.0,197.0,257.0,349.0,328.0,296.0,222.0,291.0,261.0,247.0,240.0,210.0,229.0,288.0,256.0,268.0,192.0,251.0,281.0,283.0,289.0,247.0,254.0,385.0,380.0,378.0,328.0,319.0,337.0,232.0,318.0,380.0,387.0,332.0,299.0,295.0,321.0,269.0,298.0
348.0,413.0,433.0,544.0,432.0,438.0,505.0,476.0,441.0,423.0,369.0,432.0,375.0,399.0,364.0,525.0,470.0,344.0,370.0,258.0,366.0,435.0,453.0,291.0,371.0,371.0,262.0,264.0,347.0,351.0,390.0,464.0,391.0,414.0,365.0,227.0,205.0,202.0,320.0,306.0,366.0,322.0,359.0,376.0,377.0,378.0,280.0,332.0,266.0,437.0,439.0,454.0,370.0,372.0,343.0,375.0,404.0,433.0,433.0,324.0,330.0,382.0,403.0,425.0,462.0
305.0,312.0,305.0,415.0,289.0,343.0,361.0,454.0,392.0,281.0,372.0,335.0,477.0,394.0,315.0,284.0,318.0,300.0,289.0,330.0,475.0,463.0,530.0,370.0,511.0,360.0,316.0,350.0,366.0,434.0,555.0,541.0,483.0,430.0,523.0,333.0,293.0,396.0,400.0,333.0,253.0,507.0,479.0,434.0,502.0,498.0,241.0,415.0,381.0,449.0,464.0,511.0,507.0,482.0,466.0,359.0,354.0,412.0,468.0,494.0,471.0,446.0,357.0,464.0,442.0
200.0,256.0,222.0,259.0,260.0,260.0,261.0,270.0,285.0,267.0,291.0,316.0,320.0,322.0,257.0,274.0,537.0,304.0,255.0,311.0,324.0,509.0,324.0,257.0,269.0,231.0,308.0,283.0,502.0,428.0,476.0,380.0,210.0,296.0,299.0,296.0,318.0,289.0,250.0,414.0,405.0,354.0,190.0,323.0,316.0,315.0,324.0,292.0,314.0,288.0,285.0,283.0,341.0,335.0,338.0,303.0,280.0,281.0,275.0,346.0,347.0,290.0,278.0,283.0,146.0
156.0,256.0,168.0,247.0,289.0,187.0,189.0,190.0,152.0,175.0,189.0,402.0,386.0,400.0,294.0,169.0,454.0,171.0,191.0,216.0,249.0,315.0,410.0,158.0,170.0,155.0,172.0,168.0,241.0,214.0,230.0,404.0,148.0,418.0,434.0,344.0,170.0,175.0,177.0,179.0,183.0,211.0,144.0,162.0,162.0,164.0,163.0,175.0,179.0,210.0,207.0,211.0,219.0,216.0,212.0,173.0,214.0,216.0,221.0,306.0,259.0,227.0,211.0,200.0,143.0
306.0,278.0,340.0,352.0,305.0,423.0,421.0,409.0,366.0,260.0,340.0,453.0,454.0,453.0,367.0,363.0,449.0,277.0,270.0,352.0,475.0,545.0,458.0,301.0,365.0,286.0,314.0,233.0,471.0,450.0,526.0,476.0,250.0,300.0,312.0,318.0,263.0,235.0,272.0,458.0,464.0,386.0,199.0,317.0,312.0,307.0,307.0,274.0,280.0,387.0,388.0,387.0,472.0,474.0,464.0,276.0,453.0,450.0,446.0,491.0,486.0,396.0,455.0,457.0,244.0
312.0,362.0,380.0,324.0,360.0,444.0,451.0,452.0,363.0,309.0,405.0,394.0,389.0,388.0,475.0,551.0,437.0,346.0,339.0,396.0,422.0,516.0,399.0,272.0,588.0,402.0,432.0,388.0,483.0,523.0,579.0,463.0,387.0,372.0,357.0,329.0,357.0,386.0,411.0,480.0,497.0,449.0,420.0,383.0,376.0,367.0,368.0,408.0,411.0,447.0,455.0,456.0,456.0,453.0,455.0,408.0,454.0,451.0,458.0,480.0,473.0,478.0,469.0,476.0,402.0
310.0,308.0,359.0,297.0,301.0,353.0,348.0,355.0,315.0,253.0,274.0,373.0,377.0,384.0,317.0,336.0,358.0,311.0,253.0,295.0,352.0,456.0,389.0,270.0,314.0,288.0,352.0,263.0,470.0,421.0,460.0,489.0,173.0,298.0,319.0,347.0,279.0,256.0,306.0,395.0,400.0,364.0,195.0,317.0,312.0,309.0,310.0,333.0,326.0,382.0,375.0,366.0,434.0,437.0,436.0,321.0,462.0,464.0,459.0,496.0,481.0,323.0,463.0,466.0,188.0
